<?xml version="1.0" encoding="UTF-8"?>
<!DOCTYPE mapper PUBLIC "-//mybatis.org//DTD Mapper 3.0//EN" "http://mybatis.org/dtd/mybatis-3-mapper.dtd">

<!-- 검수하고 싶은 테이블 정보로 변경 필요한 부분 -->

<mapper namespace="column">
	
	
<!-- 	1. 나눔길 -->
<!-- 	<resultMap type="CmrdVO" id="columnMap" > -->
<!-- 		<result property="cmrdConno" 		column="CMRD_CONNO" /> -->
<!-- 		<result property="cmrdMkYr" 		column="CMRD_MK_YR" /> -->
<!-- 		<result property="cmrdBsnssNm" 		column="CMRD_BSNSS_NM" /> -->
<!-- 		<result property="cmrdInsttNm" 		column="CMRD_INSTT_NM" /> -->
<!-- 		<result property="cmrdDetlBsnssNm" 	column="CMRD_DETL_BSNSS_NM" /> -->
<!-- 		<result property="cmrdAddr" 		column="CMRD_ADDR" /> -->
<!-- 		<result property="cmrdSpprtAmt" 	column="CMRD_SPPRT_AMT" /> -->
<!-- 		<result property="cmrdArea" 		column="CMRD_AREA" /> -->
<!-- 	</resultMap> -->
	
<!-- 	<select id="selectColumnList" resultMap="columnMap"> -->
<!-- 		SELECT -->
<!-- 			CMRD_CONNO, -->
<!-- 			CMRD_MK_YR, -->
<!-- 			CMRD_BSNSS_NM, -->
<!-- 			CMRD_INSTT_NM, -->
<!-- 			CMRD_DETL_BSNSS_NM, -->
<!-- 			CMRD_ADDR, -->
<!-- 			CMRD_SPPRT_AMT, -->
<!-- 			CMRD_AREA -->
<!-- 		FROM -->
<!-- 			tb_kfs_cmrd_m_nonesb -->
<!-- 	</select> -->
	
<!-- 	<select id="maxConno" resultType="int"> -->
<!-- 		SELECT -->
<!-- 			MAX(CMRD_CONNO) -->
<!-- 		FROM -->
<!-- 			tb_kfs_cmrd_m_nonesb -->
<!-- 	</select> -->


<!-- 	2. 나눔숲 -->
<!-- 	<resultMap type="CmfrVO" id="columnMap" > -->
<!-- 		<result property="cmfrConno" 		column="CMFR_CONNO" /> -->
<!-- 		<result property="cmfrMkYr" 		column="CMFR_MK_YR" /> -->
<!-- 		<result property="cmfrBsnssNm" 		column="CMFR_BSNSS_NM" /> -->
<!-- 		<result property="cmfrInsttNm" 		column="CMFR_INSTT_NM" /> -->
<!-- 		<result property="cmfrDetlBsnssNm" 	column="CMFR_DETL_BSNSS_NM" /> -->
<!-- 		<result property="cmfrAddr" 		column="CMFR_ADDR" /> -->
<!-- 		<result property="cmfrSpprtAmt" 	column="CMFR_SPPRT_AMT" /> -->
<!-- 		<result property="cmfrArea" 		column="CMFR_AREA" /> -->
<!-- 	</resultMap> -->
	
<!-- 	<select id="selectColumnList" resultMap="columnMap"> -->
<!-- 		SELECT -->
<!-- 			CMFR_CONNO, -->
<!-- 			CMFR_MK_YR, -->
<!-- 			CMFR_BSNSS_NM, -->
<!-- 			CMFR_INSTT_NM, -->
<!-- 			CMFR_DETL_BSNSS_NM, -->
<!-- 			CMFR_ADDR, -->
<!-- 			CMFR_SPPRT_AMT, -->
<!-- 			CMFR_AREA -->
<!-- 		FROM -->
<!-- 			tb_kfs_cmfr_m -->
<!-- 	</select> -->
	
<!-- 	<select id="maxConno" resultType="int"> -->
<!-- 		SELECT -->
<!-- 			MAX(CMFR_CONNO) -->
<!-- 		FROM -->
<!-- 			tb_kfs_cmfr_m -->
<!-- 	</select> -->
	
<!-- 	<select id="selectColumn" resultType="CmfrVO" parameterType="CmfrVO"> -->
<!-- 		SELECT -->
<!-- 			CMFR_ADDR -->
<!-- 		FROM -->
<!-- 			tb_kfs_cmfr_m -->
<!-- 		WHERE -->
<!-- 			CMFR_DETL_BSNSS_NM = #{cmfrDetlBsnssNm} -->
<!-- 	</select> -->

		<insert id="insertTempColumn" parameterType="CmfrVO">
			INSERT INTO tb_temp VALUES
				()
				<foreach collection="">
					<if test="">,()</if>
				</foreach>
		</insert>
	
		<select id="select" resultType="CmfrVO">
			SELECT
				CASE
					WHEN (A.MMBER_ID is not null)
					THEN A.MMBER_ID
					ELSE null 
				END as MMBER_ID_NEW,
				B.MMBER_ID as MMBER_ID_OLD,
				B.MMBER_SXDST_NM,
				B.MMBER_BIRTH_YR,
				B.MMBER_ADDR_SCTIN_NM,
				B.LTNO_ADDR,
				A.ROAD_NM_ADDR
			FROM 
				tb_newmmber A
			LEFT JOIN
		 		tb_oldmmber B
			ON B.MMBER_ID = A.MMBER_ID ;
		</select>
</mapper>